rank	type	freq
1	KU	170
2	KA	169
3	SI	118
4	RO	95
5	NI	76
6	GRA	62
7	TE	58
8	VIN	53
9	CYP	52
10	ZE	47
11	I	39
12	KU-RO	37
13	VIR+[?]	31
14	TA	29
15	A	25
16	OLIV	24
17	OLE+U	22
18	OLE	22
19	OLE+KI	21
20	SA-RA₂	20
21	OLE+MI	19
22	GRA+PA	19
23	KI	19
24	CYP+D	19
25	O	17
26	KI-RO	16
27	DI	16
28	PA	16
29	RE	16
30	*411-VS	15
31	*22F	14
32	CYP+E	13
33	NA	13
34	OLE+DI	12
35	TI	12
36	MA	11
37	JA	11
38	TU	11
39	A-TA-I-*301-WA-JA	11
40	E	10
41	A-DU	10
42	DA	9
43	RA	9
44	*401+RU	9
45	HIDE+[?]	9
46	KU-PA₃-NU	8
47	RU	8
48	QA2+[?]+PU	8
49	*21M	8
50	MI+JA+RU	8
51	QE	8
52	OLE+TA	8
53	SU	8
54	double mina	8
55	NE	8
56	VIR+KA	8
57	I-RA₂	8
58	DA-RE	7
59	*23M	7
60	SE	7
61	GRA+KU	7
62	JA-SA-SA-RA-ME	7
63	SI-RU-TE	7
64	MA-DI	6
65	KA-PA	6
66	DI-NA-U	6
67	WA	6
68	QA2+[?]+RE	6
69	JU	6
70	SA-RU	6
71	MI	6
72	SI-KA	6
73	I-PI-NA-MA	6
74	*131C	6
75	PA₃	5
76	KU-NI-SU	5
77	OLE+NE	5
78	SA	5
79	CAP	5
80	ZU	5
81	DA-KA	5
82	*409-VS	5
83	I-DA	5
84	OLE+E	4
85	KI-RE-TA-NA	4
86	SA-MA	4
87	TA-NA-TI	4
88	JE-DI	4
89	QA-*310-I	4
90	PA-JA-RE	4
91	SA-RO	4
92	*306-TU	4
93	DA-RI-DA	4
94	DA-SI-*118	4
95	GRA+QE	4
96	OLE+RI	4
97	QA2+[?]+RE+PU	4
98	PU	4
99	DU	4
100	U	4
101	PI	4
102	A-SE	4
103	DA-ME	4
104	MI-NU-TE	4
105	VIR+*313b	4
106	KU-PA	4
107	*21F	4
108	U-NA-KA-NA-SI	4
109	JA-SA	4
110	VIN+RA	4
111	ZA	4
112	*86-RO	4
113	*408-VS	4
114	*131B	4
115	QE-RA₂-U	3
116	A-KA-RU	3
117	DA-QE-RA	3
118	PA₃-NI-NA	3
119	TE-TU	3
120	*21F-TU-NE	3
121	PA-DE	3
122	*324-DI-RA	3
123	TA-I-AROM	3
124	U-*325-ZA	3
125	TA₂	3
126	RE-ZA	3
127	U-*34-SI	3
128	KA-KU-PA	3
129	OLE+TU	3
130	MU	3
131	MA-RU-ME	3
132	KI+MU	3
133	MI+JA+I	3
134	AU	3
135	SI+SE	3
136	*OLIV+TU	3
137	NU	3
138	GRA+K+L	3
139	DI-DE-RU	3
140	A-RA	3
141	TE-RI	3
142	I-GRA+PA	3
143	QA-QA-RU	3
144	PA-SE-JA	3
145	PA-TA-NE	3
146	*304+PA	3
147	*188-DU	3
148	RA₂	3
149	GRA+F	3
150	A-RI	3
151	*304+PA-CYP+D	3
152	ME	3
153	JE	3
154	*401+RO	3
155	*21F-*118	3
156	L	3
157	A-MA	3
158	A-JA	3
159	*412+E	3
160	*418+L2	3
161	*22M	3
162	*28B-NU-MA-RE	3
163	SI-PI-KI	3
164	QI+SI	3
165	DU-RE-ZA-SE	3
166	OLE+A	2
167	DI-NA	2
168	MU-RU	2
169	WA-DU-NI-MI	2
170	TE-*301	2
171	QE-PU	2
172	A-RU	2
173	ME-ZA	2
174	VIR+[?]-I	2
175	DA-I	2
176	TE-KI	2
177	KU-ZU-NI	2
178	PU-VIN	2
179	*188+KU	2
180	SI-DA-RE	2
181	PA-SE	2
182	KA-NA	2
183	A-RI-NI-TA	2
184	I-TI	2
185	*406VAS+KE	2
186	TA-TI	2
187	VIN+WA	2
188	A-SI-JA-KA	2
189	JA-*21F	2
190	U-MI-NA-SI	2
191	PU-RA₂	2
192	RU-MA-TA	2
193	E+KA	2
194	MI+JA+KA	2
195	TI-TI-KU	2
196	KA-KI	2
197	KU-RE-JU	2
198	KU-RE	2
199	I-QA-*118	2
200	KU-PA₃-NA-TU	2
201	KI-DA-RO	2
202	ZU-DU	2
203	KU-MI-NA-QE	2
204	SI-RU	2
205	SA-RA	2
206	KA-RU	2
207	RI-SU-MA	2
208	NU-TI	2
209	PA₃-NI	2
210	KI-RE-TA₂	2
211	QE-KA	2
212	GRA+B	2
213	MA-KA-RI-TE	2
214	DI-KI-SE	2
215	VIR+*313a	2
216	I-KA	2
217	DI-RI-NA	2
218	TI+A	2
219	A-PA-RA-NE	2
220	PA-I-TO	2
221	DE	2
222	WI	2
223	DA-KU-SE-NE	2
224	KI-RA	2
225	KI-RI-TA₂	2
226	SA-VIN	2
227	PA-RA-NE	2
228	QA-NU-MA	2
229	MI-TU	2
230	PO-TO-KU-RO	2
231	PI-SA	2
232	U-*49	2
233	TWE	2
234	PA-RA	2
235	SI-CYP	2
236	RU-DI	2
237	SI-TU	2
238	I+*301	2
239	TA-NI-KA	2
240	WA-DI-NI	2
241	ZU-DI-RA	2
242	NU-RO	2
243	PU₂	2
244	VIR+*307	2
245	I-SI	2
246	ZO	2
247	*316+KI	2
248	DA+RO	2
249	*417-VS	2
250	*805-MI	2
251	MI+*301	2
252	QI	2
253	A-PA	2
254	I-JA	2
255	JA-SI	2
256	SA-SA-RA-ME	2
257	GRA+E	2
258	QE-DE-MI-NU	2
259	RE-TI	2
260	HIDE+B	2
261	A-MI	2
262	CAPm+KU	2
263	AU-SI-RE	2
264	MA-KA-I-TA	2
265	I-PI-NA-MI-NA	2
266	A-NE	2
267	RE-JA	2
268	JA-JA	2
269	OLE+QIf	2
270	QE-SI-ZU-E	2
271	KA-DI	2
272	SA-MI-DA-E	2
273	I-SE	2
274	DA-I-PI-TA	2
275	KU-RA	2
276	SI-TE	2
277	A-TI-KA-A-DU-KO-MI	2
278	QA	2
279	I-DA-MA-TE	2
280	*306-TA-JE	2
281	ZU-SU	1
282	DI-DI-ZA-KE	1
283	A-RA-NA-RE	1
284	QE-RA₂-JA	1
285	SI-TU-RA₂-RE	1
286	*306-TI-KA-A-RE	1
287	DU-RI-TE	1
288	PA-RE	1
289	TA-PI-SI-DI	1
290	MA-SI	1
291	WI-DU	1
292	DA-TA-RA	1
293	PI-TA-JA	1
294	JA+RU	1
295	MA-*321	1
296	O-RA₂-DI-NE	1
297	KA-PA-QE	1
298	QE-PI-TA	1
299	RA-TI-SE	1
300	MA-RI-RE-I	1
301	DU-DA-MA	1
302	DA-KI	1
303	QE-TI	1
304	I-RU-JA	1
305	DU-JA	1
306	DA-RU-*329	1
307	PA₃-KA-RA-TI	1
308	SI-KI-RA	1
309	SU-PU₂-*188	1
310	PA₃-*188	1
311	WA-JA-PI	1
312	KA-*305	1
313	A-SI	1
314	*305-RU	1
315	U-TI	1
316	TA-RI-NA	1
317	*312-TA	1
318	KA-SA-RU	1
319	A-RU-RA	1
320	KA-RO-NA	1
321	*322-RI	1
322	A-SU-JA	1
323	DE-NU	1
324	RU-RA₂	1
325	*86-KA	1
326	RU-ZU-NA	1
327	SA-QE-RI	1
328	QA-TI-DA-TE	1
329	QE-TU-NE	1
330	QA2+[?]+PU+RE	1
331	KA-U-DE-TA	1
332	I-DU-NE-SI	1
333	A-PU₂-NA-DU	1
334	DU-AROM-A	1
335	GRA+L4+L4	1
336	SA-PO	1
337	RA-󽇫-TI	1
338	RA-*164-TI	1
339	DU-ME-DI	1
340	PA-RO-SU	1
341	KU-MA-JU	1
342	QE-KU-RE	1
343	SA-RE-JU	1
344	PI-TA-KA-SE	1
345	GRA+L2	1
346	*330+DA	1
347	*21F-RI-TU-QA	1
348	SA-SA-ME	1
349	SI+ME	1
350	KO-RU	1
351	NI-RA	1
352	KU-PA₃-RI-JA	1
353	KI-MA-RU	1
354	PA-SA-RI-JA	1
355	RU-I-KO	1
356	SI+ME-KI-*118	1
357	RU-NI	1
358	U-RE-WI	1
359	TU-QE-NU	1
360	ZU-JU-PU₂	1
361	DU-RU-WI	1
362	I-KI-RA	1
363	WI-TE-RO	1
364	*312-TE-TE	1
365	MI-KI-SE-NA	1
366	U-NU-*21F	1
367	RO-NI	1
368	KA-U-ZU-NI	1
369	I-*308	1
370	TI-NI-TA	1
371	I-MI-SA-RA	1
372	KI-DA	1
373	KI-*310	1
374	KU-*305	1
375	SA-RA-DI	1
376	MI-DA	1
377	VIR+KA-VIN	1
378	A-RU-DA-RA	1
379	I-TA-JA	1
380	WI-DI-NA	1
381	DI-JA-I	1
382	SA-*323-MI	1
383	KI-TA	1
384	A-RE-DA-I	1
385	KA-DU-MA-NE	1
386	SA-RA-RA	1
387	TI-SA	1
388	PU-KO	1
389	*410-VS	1
390	*815-QA-PA₃	1
391	*415-VS-SU-PU	1
392	*416-VS-KA-RO-PA₃	1
393	SA-JA-MA	1
394	KI-DE-MA-*323-NA	1
395	*815-SU-PA₃-RA	1
396	*815-PA-TA-QE	1
397	SU-RE	1
398	*341+PI	1
399	PA3+QE	1
400	DA-JU-TE	1
401	SI-*516	1
402	E+[ ]	1
403	SA+MU+KU	1
404	I-KU-TA	1
405	*307+*387-GRA+QE	1
406	DU-ZU-WA	1
407	RE-SU	1
408	KI-*310-RE	1
409	DA-RO-PA	1
410	*403-VS	1
411	TELA+KU	1
412	TELA+*312	1
413	SA-MA-TI	1
414	*414+A	1
415	KU+[ ]	1
416	DU+[ ]	1
417	NU-DU-*331	1
418	KI-DA-TA	1
419	QE-TU	1
420	MI-DA-NI	1
421	PA-JA	1
422	SU-DU	1
423	RE-TU	1
424	MA-SI-DU	1
425	PA-*342-I	1
426	OLE+RA	1
427	TE-GRA+F	1
428	]TU+RO	1
429	MI-NU-MI	1
430	RA-NA-RE	1
431	RA₂-DU	1
432	RI	1
433	SU-KI	1
434	TI-DU-NI	1
435	SI-RA	1
436	TU-SU-PU₂	1
437	I-KI	1
438	TI-NI	1
439	KU-ME-TA	1
440	DI-KA-KI	1
441	SA-NE	1
442	KI-MI-RA₂	1
443	MA-RE	1
444	RI-JA	1
445	QE-TI-RA-DU	1
446	U-KI	1
447	MI+JA+[ ]	1
448	MI-TI	1
449	KA-KU	1
450	*28B-TI	1
451	KO	1
452	PA-I-KI	1
453	SA-RO-QE	1
454	KA-TI	1
455	SU-PU₂	1
456	KU-ZU-NA	1
457	RU-MA	1
458	*330+SA	1
459	TA-MI	1
460	QA-*118-SA	1
461	SI-VIR+[?]	1
462	MU-*312	1
463	DA-PA₃	1
464	TU-PA-RI	1
465	KU-NI	1
466	JU-RA	1
467	GRA+QIf	1
468	*21F-JA-DU	1
469	TE-KE	1
470	KI-KI-RA-JA	1
471	RE-DI-SE	1
472	QA-RA₂-WA	1
473	DI-DE	1
474	PI-TA-KE-SI	1
475	JA-RE-MI	1
476	QE-SU-PU	1
477	KU-RU-KU	1
478	A-TU	1
479	KI-KI-NA	1
480	KU-PA₃-PA₃	1
481	KA-JU	1
482	SA-MA-RO	1
483	DA-TA-RE	1
484	A-SA-RA₂	1
485	JU+*317+QE	1
486	MA-I-MI	1
487	TA-RA	1
488	I-KU-RI-NA	1
489	SI-RU-MA-RI-TA₂	1
490	GRA-PA₃	1
491	RE+SE	1
492	DA+RE+SE	1
493	KI-DI-NI	1
494	DE-JU-KU	1
495	O-TI	1
496	*406-VS	1
497	TU-MA	1
498	DE-DI	1
499	KE-KI-RU	1
500	DE-ME-TE	1
501	*21F-TU	1
502	DA-DU-MA-TA	1
503	I-TI-TI-KU-NI	1
504	A-AROM-TE	1
505	SI-MI-TA	1
506	RU-SA	1
507	PI-TA-RA	1
508	KU-MA-RO	1
509	TE-NI	1
510	QA-*118-RA-RE	1
511	KA-NU-TI	1
512	NA-TI	1
513	DI-RE-DI-NA	1
514	RO-KE	1
515	KA-RI-*310-I	1
516	DA-RU-NE-TE	1
517	SI+SE-NI	1
518	ZU-*22F-DI	1
519	DI+QE	1
520	KU-PA₃	1
521	MA-ZU	1
522	U-TA₂	1
523	DA-KU-NA	1
524	TA-PA	1
525	TE+RO[	1
526	DA-KU-SE-NE-TI	1
527	I-DU-TI	1
528	PA-DA-SU-TI	1
529	GRA+H	1
530	DI-NA-RO	1
531	DU-SU-NI	1
532	RA₂-TI	1
533	A-RA-JU	1
534	SI-DU-*34-KU-MI	1
535	QA-SA	1
536	QA-RU	1
537	SA-DI	1
538	TU-PA	1
539	RA-RI-DE	1
540	WI-SA	1
541	*47-NU-RA-JA	1
542	GRA+BOSm	1
543	RI-TA-MA-NU-WI	1
544	*301-U-RA	1
545	NA-*21F-NE-MI-NA	1
546	SE-KU-TU	1
547	A-SE-JA	1
548	KA-PO-RU	1
549	TI-NU-JA	1
550	NU-WI	1
551	DU-PA₃-NA	1
552	KU-RU-MA	1
553	*306-TU-JA	1
554	A-I	1
555	*306+MI	1
556	KU-TA	1
557	U-TA-RO	1
558	KU-PA-JA	1
559	PI-*34-TE	1
560	SI-KI-NE	1
561	U-SU	1
562	KU-RA-MU	1
563	MA-RU	1
564	TU-JU-MA	1
565	U-DI-MI	1
566	MI-RU-TA-RA-RE	1
567	TE-JA-RE	1
568	NA-DA-RE	1
569	SA-TA	1
570	KU-KU-DA-RA	1
571	KO-SA-I-TI	1
572	DA-MI-NU	1
573	DA-NE-KU-TI	1
574	A-RI-SU	1
575	RI-RU-MA	1
576	RI-MI-SI	1
577	KO-JA	1
578	JA-*345	1
579	*327-JU	1
580	DA-U-*49	1
581	OLE+QE+DI	1
582	RA-RI	1
583	U-DE-ZA	1
584	JA-MI-DA-RE	1
585	KU-DA	1
586	*306-KI-TA₂	1
587	A-RA-JU-U-DE-ZA	1
588	KI-TA-I	1
589	DA-TU	1
590	TI-DA-TA	1
591	TU-PA-DI-DA	1
592	SI-DU	1
593	DU-MA-I-NA	1
594	RE-TA₂	1
595	DA-NA-SI	1
596	A-NA	1
597	SI-DI-JA	1
598	DU-NE-MI	1
599	*304+PA-DA-*47-KU	1
600	VIR+*313c	1
601	TU-RU-NU-SE-ME	1
602	WA-TU-MA-RE	1
603	MI-TA	1
604	MA-RI	1
605	VIR+[?]-*329	1
606	TU-*21F-RI-NA	1
607	VIN+SA	1
608	QA-RE-TO	1
609	GRA+DA	1
610	NE-MI-NA	1
611	MI-KA	1
612	NA-*21F-NE	1
613	TA-NE	1
614	PU-MA-KU	1
615	KA-RA₂	1
616	*86-SI-NI	1
617	*86-SI-*118-KA	1
618	RI-*305	1
619	RI-KA-TA	1
620	TU-ME-PA-JA	1
621	NU-TE	1
622	None	1
623	*304+PA-KU-PA	1
624	JE-TA-NA	1
625	SI+SE-RA+KA	1
626	E-*301	1
627	KA-SI	1
628	KA-RE-RO	1
629	WA-O-MI	1
630	RA-*314-RA	1
631	RU-JA-TA-DI	1
632	*333-DI-SU-KA	1
633	*333-DI-NA-SU-KA	1
634	RE-RO	1
635	QA-KU-RE	1
636	DI-*306	1
637	CYP+D-*304+PA	1
638	A-RA-TU-ME	1
639	TU-SE-SU-KI	1
640	SU-KI-RI-TE-I-JA	1
641	A-NA-NU-SI-JA-SE	1
642	PA-TA-DA-DU-PU₂-RE	1
643	SI-PU	1
644	DI-𐄉-TI-DU	1
645	A-JU	1
646	NA-MA-MA-TI-TI-*904	1
647	WI-JA-SU-MA-TI-TI	1
648	TA-JA	1
649	A-JE-SA	1
650	JA-DI-KI-TU	1
651	TA-NA-RA-TE-U-TI-NU	1
652	*301-WA	1
653	I-JA-RE-DI-JA	1
654	I-JA-PA	1
655	TA-NA-I-*301-U-TI-NU	1
656	I-NA-TA-I-ZU-DI-SI-KA	1
657	JA-TI-*321	1
658	A-NA-TI-*301-WA-JA	1
659	A-SA-SA-RA-ME	1
660	DA-DA	1
661	U-TI-NU	1
662	I-NA-I-DA	1
663	SA-RA-ME	1
664	MA-I	1
665	I-DI	1
666	AROM	1
667	JA-SA-SA-RA	1
668	U-NA-RU-KA-NA-SI	1
669	TU-NU	1
670	KA-SA	1
671	JA-SI-E	1
672	*306-CYP+E	1
673	A-DU-RE	1
674	A-DA-KI-SI-KA	1
675	A-RA-U-DA	1
676	WI-SA-SA-NE	1
677	VINb+WI	1
678	WI-NA-DU	1
679	*301-NA	1
680	KU-PA-ZU	1
681	DI-SI	1
682	TE-NU-RE	1
683	KI-SA-NE	1
684	RI-TA-JE	1
685	AU-RE-TE	1
686	E-NA-SI	1
687	I-JA-PA-ME	1
688	TA-TA	1
689	QA-TI-KI	1
690	SE-*305	1
691	KO-E	1
692	U-TA-I-SE	1
693	PA-NA-TU	1
694	CYP+K	1
695	A-SI-SU-PO-A	1
696	SI+TA2-*304	1
697	I-PA-SA-JA	1
698	QA-*118	1
699	A-KI-PI-E-TE	1
700	*348-CYP	1
701	A-TO-*349-TO-I	1
702	A-TA-*350	1
703	A-SE-RE-ZA	1
704	*304-CYP	1
705	A-MA-JA	1
706	U-TA-I-SI	1
707	I-KU-PI	1
708	DA+*301	1
709	RO+RO[	1
710	*306-VIR+*307	1
711	A-SI-KI-RA	1
712	DU-RE-ZA	1
713	*306-QE-DU	1
714	I-*331	1
715	A-TA	1
716	SI-NA	1
717	KA-TA-RE	1
718	*560-RE	1
719	WI+ZE[	1
720	QA-NE	1
721	SI-I-SI	1
722	TA-U	1
723	A-ME-AROM	1
724	A-*301	1
725	RA-KI-TA-NA-SI	1
726	TA₂-CYP	1
727	JA-DA-SU	1
728	SI-*805-MI	1
729	MI-NA	1
730	PA-TA	1
731	PA-DA-NI	1
732	A-DI-NE	1
733	PI-NU	1
734	PU-DE	1
735	MA-TA-RI-TA	1
736	A-DA-*21F-RI	1
737	KU-NI-TE	1
738	NA-KI	1
739	QA-PU	1
740	I-ZA	1
741	RE-A-JA	1
742	SE-I	1
743	PA-RI-DE	1
744	A-SI-*118	1
745	KU-KA	1
746	KE	1
747	KA-NA-NI-TI	1
748	GAL	1
749	VIR+[?]-*352-JA	1
750	*810-PI-KA	1
751	JA-KU-TI	1
752	JA-DU-RA-TI	1
753	RU-NA	1
754	SU-JU-TA	1
755	KA-JE	1
756	PO-DI-PA₃	1
757	MA-SU-MI	1
758	SU+MI	1
759	A-KA-TA	1
760	SA-PU	1
761	JA-SU	1
762	PU-RA	1
763	QA-KI	1
764	NU-SE	1
765	KA-I-KA	1
766	RU-JA	1
767	NI-PI	1
768	JA-RA	1
769	TA-NU-MU-TI	1
770	JA-SA-SA-RA-MA	1
771	DA-WA	1
772	DU-WA-TO	1
773	JA-QE	1
774	JA-WA	1
775	KE-JU-MI	1
776	*118-MI-NA	1
777	A-TU-RI-SI-TI	1
778	NA-A-PA₃	1
779	VIN+TE	1
780	JA-DI-WI	1
781	A-PA-KI	1
782	U-NA-A	1
783	ZU-RI-NI-MA	1
784	RO-VIR+KA	1
785	*34-TI-RI-A-DI-DA-KI-TI-PA-KU	1
786	NI-JA-NU	1
787	JU-KU-NA-PA-KU-NU-U-I-ZU	1
788	A-KA-NU-ZA-TI	1
789	DU-RA-RE	1
790	A-ZU-RA	1
791	JA-SA-RA-A-NA-NE	1
792	WI-PI	1
793	A-PI	1
794	I-WA-JA	1
795	KA-SI-A-TE	1
796	KE-SI-TE	1
797	O-DA	1
798	A-RE-NE-SI-DI-*301-PI-KE-PA-JA-TA-RI-SE-TE-RI-MU-A-JA-KU	1
799	SI-SI-ZA-NE-*310	1
800	DA-DU-MI-NE	1
801	QA-MI-*47-NA-RA	1
802	A-WA-PI	1
803	TE-SU-DE-SE-KE-I	1
804	A-DA-RA	1
805	TI-DI-TE-QA-TI	1
806	TA-SA-ZA	1
807	TA-TE-I-KE-ZA-RE	1
808	JA-SA-JA	1
809	TU-RU-SA	1
810	DU-*314-RE	1
811	I-DA-A	1
812	A-RA-KO-KU-ZU-WA-SA-TO-MA-RO-AU-TA-DE-PO-NI-ZA	1
813	DA-MA-TE	1
814	JA-TI-TU-KU	1
815	*903-I-DU-WI	1
816	DU-RA	1
817	JA-KU	1
818	U-NA-NA	1
819	JA-MA-U-TI	1
820	TA-HIDE+B	1
821	HIDE+L	1
822	HIDE+SA+L	1
823	HIDE+SA+B	1
824	*413+SU	1
825	DU-PI-TE-WA	1
826	*402+A	1
827	TI+*412VAS	1
828	*404-VS	1
829	*414+F	1
830	A-SA-DA-KA	1
831	*405-VS-*906	1
832	QE-SI-TE	1
833	DU-KA	1
834	KI-RU	1
835	PA₃-SI-*47	1
836	*333-SA-MU	1
837	A-KU-JU-PA-*118	1
838	U-KA-RE-A-SE-SI-NA	1
839	KU-PA-RI	1
840	E-KA	1
841	RU-PI-*305-MI	1
842	A-*325-ZA	1
843	A-RI-PA	1
844	QA-QA-DA	1
845	TO-ME	1
846	TO-*49-RE	1
847	GRA-TI-E	1
848	OLE-*307	1
849	A-NU	1
850	A-KA-RA-KI-TA-NA-SI-JA-SE-VIR+[?]-ZA	1
851	JA-WA-PI	1
852	I-NA	1
853	TA-NA-MA-JE	1
854	DI-RA-DI-NA	1
855	A-SE-TU-*21F	1
856	RA-O-DI-KI	1
857	PI-RU-E-JU	1
858	SE-SA-PA₃	1
859	]MI+JA	1
860	I-NA-WA	1
861	I-ZU-RI-NI-TA	1
862	I-DA-PA₃-I-SA-RI	1
863	DI-PA-JA	1
864	U-DI-RI-KI	1
865	JA-RU-MA-NE	1
866	JA-SI-DA-RA	1
867	DA-RA	1
868	*416+L2	1
869	*317-QE-*353	1
870	*412-VS-VIN	1
871	*355-E-*354	1
872	VIR+[?]-*339-HIDE+[?]	1
873	HIDE+[?]-*328	1
874	TE-ZU	1
875	JA-*304	1
876	MA-TE-RE	1
877	TI-NA	1
878	*358-NI	1
879	WI-JA	1
880	PI-O	1
881	RO-E	1
882	A-PA₃	1
883	JA-KI-PA₃	1
884	A-RI-JA	1
885	MA-RE-RI-MI-DE	1
886	PA-TA-DA	1
887	DU-RI	1
888	NE-*22M	1
889	RI-RU-MA-TI	1
890	A-MI-DA-O	1
891	SU-KI-RI-TA	1
892	KA-*314-SI	1
893	*314-TA-MA	1
894	JA-DI	1
895	TI-TI-MA	1
896	*328-E	1
897	E-TA₂-QE	1
898	SI-MA	1
899	I-JA-TE	1
900	WA-PI-TI-NA-RA₂	1
901	QA-*305	1
902	NE-TI	1
903	KA-QA	1
904	A-DU-ZA	1
905	TA₂-TA-RE	1
906	TA₂-TI-TE	1
907	O-KA-MI-ZA-SI-I-NA	1
908	O-TE-JA	1
909	RA-NA-TU-SU	1
910	NI-MI	1
911	TU-SU	1
912	MA-TI-ZA-I-TE	1
913	MA-TE-TI	1
914	A-SA-SA-RA	1
915	PA₃-E	1
916	JA-DI-KI-TE-TE-*307-PU₂-RE	1
917	TU-ME-I	1
918	JA-SA-U-NA-KA-NA-SI	1
919	I-PI	1
920	JA-U-PA-MA-I-DA	1
921	A-TA-I-*301-WA-E	1
922	A-DI-KI-TE-TE	1
923	PI-TE-RI	1
924	A-KO-A-NE	1
925	U-NA-RU-KA-NA-TI	1
926	I-NA-JA-PA-QA	1
927	A-DI-KI-TE	1
928	RA-ME	1
929	U-NA-RU-KA-JA-SI	1
930	A-PA-DU-PA	1
931	JA-PA-QA	1
932	TU-ME	1
933	JA-SA-SA	1
934	JA-DI-KI-TE-TE-DU-PU₂-RE	1
935	TO-SA	1
936	U-NA-KA	1
937	A-PA₃-DI	1
938	SE-SI-TA	1
939	KI-TA-NI-TE	1
940	MI-DA-RA	1
941	NU-RI-JA	1
942	VIN-VIN	1
943	WI-TE-JA-MU	1
944	U-QE-TI	1
945	TA-NU-NI-KI-NA	1
946	NI-NU-NI	1
947	RI-QE-TI-A-SA-SA-RA-*325	1
948	TA-NA-SU-TE-KE	1
949	SE-TO-I-JA	1
950	A-SA-SA-*802-ME	1
951	RE-I-KE	1
952	TA-NA-I-*301-TI	1
953	𐄌-JA-TI	1
954	*188-DU-SE	1
955	TI-MA-RU-WI-TE	1
956	*806-VIN	1
957	TE-JA	1
958	DA-KU	1
959	DA-*118	1
960	A-MA-RA-NE	1
961	NA-TU-*301-NE	1
962	QA-KI-TI	1
963	I-DA-MI	1
964	JA-SU-MA-TU-OLIV	1
965	U-NA-KA-NA-SI-OLE	1
966	SE-KA-NA-SI	1
967	JA-I-NWA-ZA	1
968	PA₃-NI-WI	1
969	MI-JA	1
970	JA-WA-PA₃	1
971	DA-SE-RA-TE	1
972	RA-KI-NI-SE	1
973	JA-PA-RA-JA-SE	1
974	QA-SA-RA-KU	1
975	RO-QA	1
976	WA-TE	1
977	TE-ME-DA-I	1
978	SI-NI	1
979	A-RE-SA-NA	1
980	A-RE	1
981	A-JE	1
982	QI-VIN+TE	1
983	KA-A-SI-TE	1
984	*301-SI	1
985	O-SU-QA-RE	1
986	U-NA-KA-NA	1
987	PI-MI-TA-TI-RA₂	1
988	DU-MI-TA-TI-RA₂	1
989	NE-MI	1
990	MI-NE	1
991	*309B-*34-PU-PI	1
992	*309B-KI-PU	1
993	*309-DA-PU	1
994	PA-DA-RU	1
995	*309-JU-KI	1
996	*309-RI-JU	1
997	*309C-DA-JU	1
998	*309C-RU-KA	1
999	*309-RI-WA-JU	1
1000	*309B-RI-JU	1
1001	*309B	1
1002	ZA-*321	1
1003	NE-KI	1
1004	OLE+KI+U	1
1005	OLE+KI+ME	1
1006	A-DA	1
1007	KO-A-DU-WA	1
1008	A-KU-TU-*361	1
1009	KI-RI-SI	1
1010	PI-KU-ZU	1
1011	PA-OLE+MI	1
1012	A-*301-KI-TA-A	1
1013	MA-RU-A	1
1014	KI-RE-ZA	1
1015	E-MI	1
1016	JA-TO-JA	1
1017	A-TI-RU	1
1018	JA-PA	1
1019	TU-ME-SE	1
1020	E-*82	1
1021	VIN-SU	1
1022	KI-NI-MA	1
1023	O-TA-NI-ZA-SE	1
1024	*305-WA-NA	1
1025	*34-JU-TE-MI	1
1026	PU₂-RA₂	1
1027	I-KU-JU-TI-*28B	1
1028	VIN+KA	1
1029	*312-TA₂	1
1030	PA-ZA	1
1031	I-MA	1
1032	U-JU	1
1033	A-RA-TU	1
1034	A-RE-TU-MI	1
1035	A-TA-RE	1
1036	KU-TU-KO-RE	1
1037	TA-I-NU-MA-PA	1
1038	MA-KA-I-SE	1
1039	KA-I-RO	1
1040	RO-SI-RA	1
1041	A-TA-NA	1
1042	MA-JU	1
1043	WI-RA-RE-MI-TE	1
1044	TA-NA-TE	1
1045	A-KU-MI-NA	1
1046	A-TA-NA-TE	1
1047	A-MI-DA-U	1
1048	A-DU-KU-MI-NA	1
1049	WA-*362	1
1050	MA-ZA	1
1051	MA-KI-DE-TE	1
1052	A-DE	1
1053	A-MI-TA	1
1054	RA₂-RO-RE	1
1055	KA-KU-NE-TE	1
1056	DI-DI-KO-RA-ME-TA₂	1
1057	RA-MA-SI	1
1058	E-KU-RU	1
1059	QE+GRA+PA	1
1060	PI-*310-A	1
1061	E-TO-RI	1
1062	SA-*301-RI	1
1063	I-OLIV	1
1064	I-DE	1
1065	SU-PA	1
1066	ME-KI-DI	1
1067	PU-NI-KA-*363	1
1068	QA-TI-JU	1
1069	KU-PI	1
1070	TU-MI-TI-ZA-SE	1
1071	PA-NU-QE	1
1072	JA-WI	1
1073	*47-KU-NA	1
1074	I-TI-NI-SA	1
1075	ME-VIN	1
1076	MI-ZA-SE	1
1077	JA-SA-MU	1
1078	*363-KE-MA-SE	1
1079	DA-RE-KU	1
1080	KU-*321	1
1081	RA-TE	1
1082	SI-TE-TU	1
1083	TE-AROM	1
1084	RU-MA-TA-SE	1
1085	PI-MU	1
1086	TA-KE	1
1087	TA-MA-PI	1
1088	*118-MI	1
1089	SA-RI	1
1090	DU-JU	1
1091	TE-TE	1
1092	MI-RE	1
1093	DI-DI	1
1094	JA-KI	1
1095	DI-KI	1
1096	O-MI	1
1097	DI-DI-KA-SE	1
1098	A-SA-MU-NE	1
1099	A-TA-I-*301-DE-KA	1
1100	A-RE-PI-RE-NA	1
1101	PU₂-RE-JA	1
1102	KO-MU	1
1103	ME-MI-JA-RU	1
1104	SE-WA-AU-DE	1
1105	JA-TA-I-*301-U-JA	1
1106	NA-SI	1
1107	I-KU-PA₃-NA-TU-NA-TE	1
1108	PI-MI-NA-TE	1
1109	I-NA-JA-RE-TA	1
1110	VIN-MI	1
1111	TA-PI	1
1112	A-SU-MI-*118	1
1113	MI-KI-SA-NE	1
1114	JA-RE	1
1115	SI-DA-TE	1
1116	A-SI-DA-TO-I	1
1117	ZU-*301-SE-DE-*21F-*118	1
1118	A-SU-PU-WA	1
1119	RU-MI	1
1120	KA-NE	1
1121	KI-NU	1
1122	JA-PI	1
1123	PI-*314	1
1124	NI-TA	1
1125	DE-SU	1
1126	*47-TE	1
1127	PI-TI-NE-A	1
1128	DE-MI	1
1129	I-*47	1
1130	A-KI-RO	1
1131	ZA-SI-ZU	1
1132	A-DU-NI-TA-NA	1
1133	A-DA-RO	1
1134	DA-NA-TU	1
1135	JA-KI-SI-KI-NU	1
1136	MI-DA-MA-RA₂	1
1137	A-MA-WA-SI	1
1138	KA-NI-JA-MI	1
1139	QA-KI-SE-NU-TI	1
1140	A-TA-DE	1
1141	I-DA-DA	1
1142	A-RO-TE	1
1143	SI-DA-RO	1
1144	SE-SI	1
1145	A-SA-SU-MA-I-SE	1
1146	PA₃-PU₂	1
1147	RE-*86	1
1148	TU-PI-TA	1
1149	TO-PA3-DI	1
1150	RE-SA	1
1151	OLE-JA	1
1152	OLE-TA	1
1153	A-TA-NA-JE	1
1154	DA-DU-*301	1
1155	TI-MA	1
1156	RI-DA-U	1
1157	SE-JE	1
1158	I-SA-RI-KE	1
1159	PU₂-RE	1
1160	DE-KI-TI	1
1161	*164-RI-DA	1
1162	I-KI-RU-QE	1
1163	PO-SA	1
1164	U-TE	1
1165	VAS	1
